k,epochs_completed,val_loss,val_accuracy
1,200,1.861689805984497,0.5153200030326843
2,173,1.911129355430603,0.49987998604774475
3,177,1.918119192123413,0.49917998909950256
4,178,1.9029722213745117,0.5016800165176392
5,200,1.898811936378479,0.5204200148582458
