k,epochs_completed,val_loss,val_accuracy
1,161,1.974581003189087,0.48429998755455017
2,184,1.9274554252624512,0.48985999822616577
3,200,1.868377685546875,0.5110800266265869
4,200,1.891017198562622,0.5029799938201904
5,149,1.9676116704940796,0.461760014295578
