k,run_max_val_acc_index,run_max_val_acc,run_final_val_acc
1,196,0.8022000193595886,0.7990000247955322
2,196,0.7954000234603882,0.7930999994277954
3,186,0.794700026512146,0.7839000225067139
4,195,0.8069000244140625,0.7997000217437744
5,195,0.8040000200271606,0.8012999892234802
