k,run_max_val_acc_index,run_max_val_acc,run_final_val_acc
1,195,0.8133000135421753,0.8050000071525574
2,199,0.8215000033378601,0.8215000033378601
3,191,0.8158000111579895,0.8141000270843506
4,197,0.8149999976158142,0.8109999895095825
5,199,0.8126000165939331,0.8126000165939331
