k,epochs_completed,val_loss,val_accuracy
1,124,0.6929332613945007,0.7703800201416016
2,163,0.6648452281951904,0.8001599907875061
3,161,0.6520382761955261,0.7969599962234497
4,200,0.5742100477218628,0.8272200226783752
5,145,0.6425923705101013,0.791379988193512
