k,epochs_completed,val_loss,val_accuracy
1,116,0.6563577055931091,0.7890400290489197
2,159,0.6244326829910278,0.8196600079536438
3,147,0.6249279975891113,0.8148000240325928
4,155,0.6203041672706604,0.814740002155304
5,174,0.620428204536438,0.829200029373169
