k,run_max_val_acc_index,run_max_val_acc,run_final_val_acc
1,198,0.49459999799728394,0.487199991941452
2,196,0.5008999705314636,0.49559998512268066
3,190,0.4968000054359436,0.49059998989105225
4,197,0.5034999847412109,0.49619999527931213
5,194,0.4950999915599823,0.4945000112056732
