k,epochs_completed,val_loss,val_accuracy
1,11,1.726698637008667,0.3871600031852722
