k,epochs_completed,val_loss,val_accuracy
1,141,0.6669842004776001,0.8096799850463867
2,131,0.6542845964431763,0.7980999946594238
3,110,0.6912990212440491,0.7859399914741516
4,170,0.6009516716003418,0.8263800144195557
5,124,0.657831072807312,0.7937600016593933
