k,run_max_val_acc_index,run_max_val_acc,run_final_val_acc
1,183,0.809499979019165,0.8011999726295471
2,198,0.8015999794006348,0.8012999892234802
3,190,0.809499979019165,0.7950000166893005
4,199,0.8213000297546387,0.8213000297546387
5,191,0.8097000122070312,0.8080999851226807
