k,run_max_val_acc_index,run_max_val_acc,run_final_val_acc
1,197,0.4966000020503998,0.4887000024318695
2,195,0.5001999735832214,0.49900001287460327
3,190,0.5026999711990356,0.4952999949455261
4,197,0.5041000247001648,0.49880000948905945
5,197,0.5117999911308289,0.5005000233650208
