Name,Epochs_Completed,Final_Loss,Final_Accuracy
relu,2,2.2716212272644043,0.4027000069618225
swish,2,2.4564507007598877,0.2957000136375427
