k,run_max_val_acc_index,run_max_val_acc,run_final_val_acc
1,196,0.8037999868392944,0.7939000129699707
2,189,0.8012999892234802,0.7972999811172485
3,189,0.796999990940094,0.7937999963760376
4,193,0.7968000173568726,0.7964000105857849
5,182,0.7965999841690063,0.7900999784469604
