Name,Epochs_Completed,Final_Median_Loss,Final_Median_Accuracy,Final_Mean_Loss,Final_Mean_Accuracy
relu,121,2.2716782093048096,0.7838000059127808,2.285585117340088,0.782699990272522
swish,132,2.568380355834961,0.7763000130653381,2.544151544570923,0.777840006351471
