k,epochs_completed,val_loss,val_accuracy
1,78,0.8614606261253357,0.70551997423172
2,141,0.6603156328201294,0.7850199937820435
3,178,0.5986369848251343,0.8164399862289429
4,90,0.8488384485244751,0.7298200130462646
5,161,0.6368726491928101,0.798799991607666
