k,epochs_completed,val_loss,val_accuracy
1,11,1.7960652112960815,0.3977000117301941
