k,epochs_completed,val_loss,val_accuracy
1,200,0.7312429547309875,0.7496399879455566
